<map width="30" height="30">

<!--        change the number of rounds here
                          vvvv  -->
<game seed="2323" rounds="3000"/>
<!--                      ^^^^  -->

	<symbols>
		<symbol character=" " type="TERRAIN" terrain="LAND"/>
		<!--This "G" tile does not actually do anything since this 
		    file cannot be read from our code-->
		<symbol character="G" type="TERRAIN" terrain="LAND"/>
		<symbol character="#" type="TERRAIN" terrain="WATER"/>

		<symbol character="A" type="ARCHON" team="A"/>
		<symbol character="B" type="ARCHON" team="B"/>

		<symbol character="T" type="TOWER" team="NEUTRAL"/>
		<symbol character="C" type="TOWER" team="A"/>
		<symbol character="D" type="TOWER" team="B"/>
	</symbols>

	<!-- Map data:  Do not move the start location "A" without also 
	     modifying the initialization of RobotPlayer.java.
	     
	     You may modify the barriers ("#") but this will not change the
	     barriers seen by your algorithm. If you change these, you must
	     also change the barriers that are hardcoded into
	     RobotPlayer.java -->
	<data><![CDATA[
		##############################
		#A                           #
		#  ##                    #   #
		# #####                 ###  #
		# ######      ##       ####  #
		#  ##       ######   ######  #
		#      #    ######   ######  #
		#     ##    ######   ####    #
		#     ###    #####    ##     #
		#      ##     ####           #
		#  ##  ###    #####          #
		# ###   ###    ####          #
		#  ###      #######          #
		#  ####     ######           #
		#            #####           #
		#              ###           #
		#               ###          #
		#               ###    #     #
		#               ##   #####   #
		#              ###   ######  #
		#             ####   ######  #
		#            ####    ### ##  #
		#           ####     ### ##  #
		#           ### G   ######## #
		#           ###     ######## #
		#           ###   ##### #### #
		#           ###  ######  ##  #
		#                 ###        #
		#                           B#
		##############################
	]]></data>
	<height><![CDATA[
		140132322213310211113420200310
		344414103341000304130203124240
		300313344244122140214420442212
		033330421132241200011233032310
		224010233044404143444233002234
		012400412043031300004341042111
		003024102320422431202240432112
		300221341212234310042224141441
		014040141214121001230321104301
		401043031330302124402212023212
		200113213222222143231041301230
		340034310002112243141224104341
		041041400324020424331232303310
		230110022143333230344310112434
		130340340303213301012032303222
		001200313241221344443114003242
		302241240423113140430340013404
		240311014044342222241431002121
		143022022332410042211044304140
		232332104013224313030321211424
		311101321210111224311342410031
		441323433231314030223241442041
		141402230310234423240133340044
		113140003404200032431410214010
		304323211211432410223334402012
		420003434242101411112234414114
		201040240424042413412033220102
		214013133103100324014242113431
		040343431034040043102232213123
		000204212103142022302144102430
	]]></height>
</map>